{
  "metadata": {
    "cpu": "Intel Core i7-10700F (8 cores, 16 threads)",
    "logical_cpus": 16,
    "os": "windows",
    "architecture": "amd64",
    "go_version": "go1.25.3",
    "onnx_runtime": "1.26.0",
    "asr_revision": "4e95991ddb34c70e9b94f026d62ac82a9d941ae1",
    "tts_modelscope_revision": "80d48ea07e671ec7de0f3f59c32941d3a5c00e53",
    "tts_huggingface_revision": "f78bc7bcc7b3646cbf899829ca31cc5c852bbb31",
    "commit": "1fac6edf27149f6e85b58adc9ab985433c955c64-dirty",
    "tested_at": "2026-07-16T19:08:36+08:00",
    "gomaxprocs": 2,
    "onnx_intra_op_threads": 2,
    "onnx_inter_op_threads": 1,
    "execution_mode": "sequential",
    "warmups": 3,
    "measurements": 10
  },
  "session_initialization_ms": {
    "asr": 3162.2676,
    "tts": 1474.1035
  },
  "scenarios": [
    {
      "name": "asr",
      "first_inference_ms": 249.8998,
      "mean_ms": 240.11297,
      "p50_ms": 235.1819,
      "p95_ms": 255.8486,
      "min_ms": 232.3125,
      "max_ms": 255.8486,
      "real_time_factor": 0.042938657010014314,
      "ops_per_second": 4.164706304703157,
      "cpu_time_ms": 4890.625,
      "cpu_percent_single_core": 203.68016771438877,
      "cpu_percent_machine": 12.730010482149298,
      "working_set_bytes": 366116864,
      "peak_working_set_bytes": 369270784,
      "private_bytes": 385794048,
      "go_heap_alloc_bytes": 13107648,
      "go_heap_sys_bytes": 28737536,
      "go_total_alloc_bytes": 271959976,
      "go_gc_count": 30,
      "go_ns_per_op": 240112970,
      "go_bytes_per_op": 27195997,
      "go_allocs_per_op": 15667,
      "media_duration_seconds": 5.592
    },
    {
      "name": "tts_zh",
      "first_inference_ms": 3913.338,
      "mean_ms": 2606.54552,
      "p50_ms": 2600.843,
      "p95_ms": 2640.5478,
      "min_ms": 2580.3586,
      "max_ms": 2640.5478,
      "real_time_factor": 1.4193649879747698,
      "ops_per_second": 0.38364954393737194,
      "cpu_time_ms": 50828.125,
      "cpu_percent_single_core": 195.00186975441733,
      "cpu_percent_machine": 12.187616859651083,
      "working_set_bytes": 653402112,
      "peak_working_set_bytes": 653406208,
      "private_bytes": 684384256,
      "go_heap_alloc_bytes": 279845632,
      "go_heap_sys_bytes": 339116032,
      "go_total_alloc_bytes": 9086528,
      "go_gc_count": 0,
      "go_ns_per_op": 2606545520,
      "go_bytes_per_op": 908652,
      "go_allocs_per_op": 193,
      "media_duration_seconds": 1.8364166666666666
    },
    {
      "name": "tts_en",
      "first_inference_ms": 5808.8542,
      "mean_ms": 5521.06204,
      "p50_ms": 5507.2416,
      "p95_ms": 5587.2739,
      "min_ms": 5493.838,
      "max_ms": 5587.2739,
      "real_time_factor": 1.1515007035595106,
      "ops_per_second": 0.1811245721846661,
      "cpu_time_ms": 98375,
      "cpu_percent_single_core": 178.1812978866653,
      "cpu_percent_machine": 11.136331117916582,
      "working_set_bytes": 807276544,
      "peak_working_set_bytes": 808202240,
      "private_bytes": 855175168,
      "go_heap_alloc_bytes": 256834088,
      "go_heap_sys_bytes": 368476160,
      "go_total_alloc_bytes": 20468712,
      "go_gc_count": 1,
      "go_ns_per_op": 5521062040,
      "go_bytes_per_op": 2046871,
      "go_allocs_per_op": 173,
      "media_duration_seconds": 4.794666666666667
    },
    {
      "name": "tts_mixed",
      "first_inference_ms": 5307.0686,
      "mean_ms": 5139.78061,
      "p50_ms": 5130.5747,
      "p95_ms": 5220.6924,
      "min_ms": 5079.5231,
      "max_ms": 5220.6924,
      "real_time_factor": 1.2002523463132697,
      "ops_per_second": 0.1945608335994715,
      "cpu_time_ms": 92171.875,
      "cpu_percent_single_core": 179.33036834426287,
      "cpu_percent_machine": 11.208148021516429,
      "working_set_bytes": 821907456,
      "peak_working_set_bytes": 821911552,
      "private_bytes": 869535744,
      "go_heap_alloc_bytes": 283046096,
      "go_heap_sys_bytes": 385253376,
      "go_total_alloc_bytes": 18722128,
      "go_gc_count": 0,
      "go_ns_per_op": 5139780610,
      "go_bytes_per_op": 1872212,
      "go_allocs_per_op": 353,
      "media_duration_seconds": 4.28225
    }
  ]
}
